{
  "reflexive_speedup": 41557.05532554735,
  "accuracy_delta": 0.022036844393310058,
  "information_profit": 0.21661441031845546,
  "holographic_capacity": 1.0,
  "sigma_overall": 41556.05533758514,
  "classical_cost_mean": 78017.25130208333,
  "tpuc_energy_joules": 1.0079299771077472
}